{
  "Disclaimer": "<p><strong>Descargo de Responsabilidad y Aviso de Riesgos</strong></p>\n<p>El trading de CFDs online conlleva un alto nivel de riesgo y puede no ser adecuado para todos los inversores; el usuario debe evaluar cuidadosamente su situaci&oacute;n financiera antes de iniciar dichas transacciones, asegur&aacute;ndose de que son adecuadas para &eacute;l. Por favor, busque asesoramiento independiente y aseg&uacute;rese de entender plenamente los riesgos vinculados al trading financiero apalancado antes de decidirse a operar, ya que puede perder la totalidad o parte del capital invertido. Ninguna informaci&oacute;n incluida en este sitio web constituye ninguna oferta de servicios para clientes que residan en una jurisdicci&oacute;n en la que dicha oferta no est&eacute; autorizada. Este sitio web es propiedad de Securcap Securities (MU) Ltd, Suite 802, 8&ordf; planta, Hennessy Tower, Pope Hennessy Street, Port Louis, Mauricio con licencia n&uacute;mero GB20025775. El grupo de empresas incluye a Wanakena Ltd, una entidad europea debidamente registrada en Arch. Makariou III, 73 METHONIS TOWER, Flat/Office 301, 1070, Nicosia, Chipre, con n&uacute;mero de registro 379327, que opera el sitio web junto con Securcap Securities (MU) Ltd.</p>",
  "Disclaimer_second": "<p><strong>Descargo de Responsabilidad y Aviso de Riesgos</strong></p>\n<p>La negociaci&oacute;n online de instrumentos complejos conlleva un alto nivel de riesgo y puede no ser adecuado para todos los inversores; el usuario debe evaluar cuidadosamente su situaci&oacute;n financiera antes de iniciar dichas transacciones, asegur&aacute;ndose de que son adecuadas para &eacute;l&rsquo;. Por favor, busque asesoramiento independiente y aseg&uacute;rese de entender plenamente los riesgos vinculados al trading financiero apalancado antes de decidirse a operar, ya que puede perder la totalidad o parte del capital invertido. Ninguna informaci&oacute;n incluida en este sitio web constituye ninguna oferta de servicios para clientes que residan en una jurisdicci&oacute;n en la que dicha oferta no est&eacute; autorizada. Este sitio web es propiedad de Securcap Securities (MU) Ltd, Suite 802, 8&ordf; planta, Hennessy Tower, Pope Hennessy Street, Port Louis, Mauricio con licencia n&uacute;mero GB20025775. El grupo de empresas incluye a Wanakena Ltd, una entidad europea debidamente registrada en Arch. Makariou III, 73 METHONIS TOWER, Flat/Office 301, 1070, Nicosia, Chipre, con n&uacute;mero de registro 379327, que opera el sitio web junto con Securcap Securities (MU) Ltd.</p>",
  "nxReg_AdvertiserId": "1",
  "nxReg_AgencyId": "4",
  "nxReg_ApiEndpoint": "https://api.wbandsmith.com/v2",
  "nxReg_AutoPassword": "true",
  "nxReg_BrandId": "63",
  "nxReg_BrandLegalData": "WB_S",
  "nxReg_Country": "true",
  "nxReg_EmailValidation": "false",
  "nxReg_Facebook": "false",
  "nxReg_FacebookAppId": "3002509616697234",
  "nxReg_FormId": "2462",
  "nxReg_FullName": "true",
  "nxReg_FunnelId": "245399",
  "nxReg_GeoValidation": "true",
  "nxReg_Google": "false",
  "nxReg_GoogleApiKey": "AIzaSyDmOHnk3i4YVaenBP_lbXOpRdvafcgWv7U",
  "nxReg_GoogleClientId": "64803856867-poonuvv6ig5v3kd5rj51louh8vkt82cs.apps.googleusercontent.com",
  "nxReg_IsTest": "false",
  "nxReg_LanguageCode": "es",
  "nxReg_PhoneNumber": "true",
  "nxReg_Platform": "PROFIT",
  "nxReg_PrivacyNoticeCheckbox": "true",
  "nxReg_PrivacyNoticeText": "Estoy de acuerdo con el <a href=\"https://preg.wbandsmith.com/assets/WB_S/es/Documents/Privacy_policy_ES.pdf\" target=\"_blank\" rel=\"noopener\">Pol&iacute;tica de Privacidad</a> y la <a href=\"https://preg.wbandsmith.com/assets/WB_S/es/Documents/Terms_and_conditions_ES.pdf\" target=\"_blank\" rel=\"noopener\">T&eacute;rminos y Condiciones</a>.",
  "nxReg_ReCaptcha": "false",
  "nxReg_VerificationCode": "false",
  "pto_consent": "<p>Descargo de responsabilidad</p>\n<p>El servicio al que est&aacute; a punto de entrar contiene enlaces e informaci&oacute;n de otros sitios web o contenido que pertenece o se origina en terceros o enlaces a sitios web y caracter&iacute;sticas en banners u otra publicidad. Cualquier enlace o servicio de terceros que utilice ser&aacute; bajo su propio riesgo y su uso se regir&aacute; por los t&eacute;rminos del sitio web de terceros, incluidos los relativos a la confidencialidad, la privacidad de los datos y la seguridad. Por favor, lea y entienda los <a href=\"https://preg.wbandsmith.com/assets/WB_S/es/Documents/Terms_and_conditions_ES.pdf\" target=\"_blank\" rel=\"noopener\">T&eacute;rminos y Condiciones</a> en relaci&oacute;n con los enlaces de terceros, antes de tomar m&aacute;s medidas.</p>",
  "pto_consent_button": "Estoy de acuerdo",
  "pto_consent_checkbox": "Al hacer clic en el bot&oacute;n 'Estoy de acuerdo' usted confirma que ha le&iacute;do y comprendido todo lo anterior",
  "_PA": "4",
  "_PAdvertiser": "1",
  "_PBDomain": "auto",
  "_PUnknown": "245399"
}
