{
    "nxReg_AdvertiserId": "1",
    "nxReg_AgencyId": "4",
    "nxReg_ApiEndpoint": "https://api.visionsage.com/v2",
    "nxReg_BrandId": "67",
    "nxReg_BrandLegalData": "brand67",
    "nxReg_Country": "true",
    "nxReg_EmailValidation": "false",
    "nxReg_Facebook": "false",
    "nxReg_FormId": "2537",
    "nxReg_FullName": "true",
    "nxReg_FunnelId": "270082",
    "nxReg_GeoValidation": "false",
    "nxReg_Google": "false",
    "nxReg_IsTest": "false",
    "nxReg_LanguageCode": "ar",
    "nxReg_PhoneNumber": "true",
    "nxReg_Platform": "PROFIT",
    "nxReg_PrivacyNoticeCheckbox": "true",
    "nxReg_ReCaptcha": "false",
    "nxReg_VerificationCode": "false",
    "_PA": "4",
    "_PAdvertiser": "1",
    "_PBDomain": "auto",
    "_PUnknown": "270082"
}