{
    "Disclaimer": "<p><strong>Descargo de Responsabilidad y Aviso de Riesgos</strong></p>\n<p>El trading de CFDs online conlleva un alto nivel de riesgo y puede no ser adecuado para todos los inversores; el usuario debe evaluar cuidadosamente su situaci&oacute;n financiera antes de iniciar dichas transacciones, asegur&aacute;ndose de que son adecuadas para &eacute;l. Por favor, busque asesoramiento independiente y aseg&uacute;rese de entender plenamente los riesgos vinculados al trading financiero apalancado antes de decidirse a operar, ya que puede perder la totalidad o parte del capital invertido. Ninguna informaci&oacute;n incluida en este sitio web constituye ninguna oferta de servicios para clientes que residan en una jurisdicci&oacute;n en la que dicha oferta no est&eacute; autorizada. Este sitio web es propiedad de Securcap Securities (MU) Ltd, 5t&ordf; planta, Hennessy Tower, Pope Hennessy Street, Port Louis, Mauricio, autorizada por la Comisi&oacute;n de Servicios Financieros de Mauricio con licencia n&uacute;mero GB20025775. El grupo de compa&ntilde;&iacute;as incluyen a Wanakena Ltd, una entidad europea debidamente registrada en 73 Arch. Makarios III Avenue, Oficina 301, 1070 Nicosia, Chipre, con n&uacute;mero de registro 379327, y opera el sitio web junto con Securcap Securities Limited, una entidad internacional con direcci&oacute;n operativa en la Oficina 4, Suite C2, Orion Mall, Palm Street Avenue, Victoria, Seychelles y n&uacute;mero de registro 8416393-1, y con licencia de la Autoridad de Servicios Financieros de las Seychelles bajo el n&uacute;mero de licencia SD012.</p>",
    "nxReg_AdvertiserId": "1",
    "nxReg_AgencyId": "4",
    "nxReg_ApiEndpoint": "https://api.visionsage.com/v2",
    "nxReg_BrandId": "63",
    "nxReg_BrandLegalData": "brand63",
    "nxReg_Country": "true",
    "nxReg_EmailValidation": "false",
    "nxReg_Facebook": "false",
    "nxReg_FormId": "2461",
    "nxReg_FullName": "true",
    "nxReg_FunnelId": "245399",
    "nxReg_GeoValidation": "false",
    "nxReg_Google": "false",
    "nxReg_IsTest": "false",
    "nxReg_LanguageCode": "es",
    "nxReg_PhoneNumber": "true",
    "nxReg_Platform": "PROFIT",
    "nxReg_PrivacyNoticeCheckbox": "true",
    "nxReg_ReCaptcha": "false",
    "nxReg_VerificationCode": "false",
    "_PA": "4",
    "_PAdvertiser": "1",
    "_PBDomain": "auto",
    "_PUnknown": "245399"
}