{
  "Disclaimer": "<p><strong>إخلاء المسؤولية والتحذير من المخاطر</strong></p>\n<p>يحتوي هذا الموقع على معلومات ذات طبيعة عامة ولا يشكل عرضًا لتقديم الخدمات للعملاء المقيمين في أي ولاية قضائية لا يُصرح فيها بهذا العرض ولا يمكن تقديم هذه الخدمة. قد يؤدي التداول عبر الإنترنت إلى خسارة كبيرة أو كاملة للأموال ، وبالتالي يجب أن تتم فقط برأس مال مخاطرة. يرجى تقييم المخاطر والفوائد المحتملة بعناية قبل التداول وتقييم ما إذا كنت تفهم كيفية عمل العقود مقابل الفروقات. هذا الموقع تحت ملكية شركة VIE FINANCE SEY LTD برقم الشركة 8430439-1 وعنوانها المسجل الطابق الأول, غرفة رقم B11, مجمع Providence, Providence, ماهي, جمهورية السيشيل, المرخصة من قبل هيئة الخدمات المالية في جمهورية سيشيل بموجب الترخيص رقم SD123.</p>",
  "Disclaimer_safe": "<p><strong>إخلاء المسؤولية والتحذير من المخاطر</strong></p>\n<p>تنطوي أدوات التداول المعقدة عبر الإنترنت على درجة عالية من المخاطر وقد لا تكون مناسبًة لجميع المستثمرين ؛ يجب على المستخدم تقييم وضعه المالي بعناية قبل الانخراط في مثل هذه المعاملات، والتأكد من أنها مناسبة له. يرجى طلب مشورة مستقلة والتأكد من فهمك الكامل للمخاطر المرتبطة بالتداول المالي بالرافعة المالية قبل اتخاذ أي قرار بالتداول ، حيث قد يخسر المستثمر جزء أو كامل رأس ماله. لا تشكل أي من المعلومات المدرجة في هذا الموقع أي عرض للخدمات للعملاء المقيمين في ولاية قضائية التي لا يُسمح فيها بمثل هذا العرض. هذا الموقع تحت ملكية شركة VIE FINANCE SEY LTD برقم الشركة 8430439-1 وعنوانها المسجل الطابق الأول, غرفة رقم B11, مجمع Providence, Providence, ماهي, جمهورية السيشيل, المرخصة من قبل هيئة الخدمات المالية في جمهورية سيشيل بموجب الترخيص رقم SD123.</p>",
  "nxReg_AdvertiserId": "1",
  "nxReg_AgencyId": "4",
  "nxReg_ApiEndpoint": "https://api.zenstox.com/v2",
  "nxReg_AutoPassword": "true",
  "nxReg_BrandId": "67",
  "nxReg_BrandLegalData": "Zenstox",
  "nxReg_Country": "true",
  "nxReg_EmailValidation": "false",
  "nxReg_Facebook": "false",
  "nxReg_FacebookAppId": "799851551936278",
  "nxReg_FormId": "2535",
  "nxReg_FullName": "true",
  "nxReg_FunnelId": "270082",
  "nxReg_GeoValidation": "true",
  "nxReg_Google": "false",
  "nxReg_GoogleApiKey": "AIzaSyCocSBwa_MvgTxt0Mu69_Vi2VFw4AzIfAw",
  "nxReg_GoogleClientId": "244807890046-tb8smghp15q7d2u6kpo7dmf5c3qnshqf.apps.googleusercontent.com",
  "nxReg_IsTest": "false",
  "nxReg_LanguageCode": "ar",
  "nxReg_PhoneNumber": "true",
  "nxReg_Platform": "PROFIT",
  "nxReg_PrivacyNoticeCheckbox": "true",
  "nxReg_PrivacyNoticeText": "أوافق على <a href=\"https://preg.zenstox.net/assets/Zenstox/ar/Documents/Privacy_policy_AR.pdf\" target=\"_blank\" rel=\"noopener\"> سياسة الخصوصية</a> و <a href=\"https://preg.zenstox.net/assets/Zenstox/ar/Documents/Terms_and_conditions_AR.pdf\" target=\"_blank\" rel=\"noopener\">والأحكام والشروط</a>",
  "nxReg_ReCaptcha": "false",
  "nxReg_VerificationCode": "false",
  "_PA": "4",
  "_PAdvertiser": "1",
  "_PBDomain": "auto",
  "_PUnknown": "270082"
}
