{
  "Disclaimer": "يحتوي هذا الموقع الإلكتروني على معلومات ذات طابع عام ولا يُعدّ عرضًا لتقديم خدمات للعملاء المقيمين في أي ولاية قضائية لا يُصرّح فيها بمثل هذا العرض أو لا يمكن تقديم هذه الخدمات فيها. قد يؤدي التداول عبر الإنترنت إلى خسارة كبيرة أو كاملة للأموال، ولذلك يجب أن يتم فقط باستخدام رأس مال مُخاطر. يُرجى تقييم المخاطر والفوائد المحتملة بعناية قبل الشروع في التداول، والتأكّد مما إذا كنت تفهم كيفية عمل عقود الفروقات (CFDs). هذا الموقع مملوك لشركة VIE FINANCE SEY LTD، رقم الشركة 8430439-1، ويقع مقرها المسجل في الغرفة B11، الطابق الأول، مجمع بروفيدنس، بروفيدنس، ماهي، سيشيل، وهي شركة مرخصة من قبل هيئة الخدمات المالية في جمهورية سيشيل بموجب رقم الترخيص SD123. تشمل مجموعة VIE FINANCE كلاً من VIE FINANCE SEY LTD، وشركة Vie Finance A.E.P.E.Y. S.A. (رقم الترخيص 4/792/20.7.2017) والكائنة في 4، شارع 28 أكتوبر، 15124، ماروسي، اليونان، وشركة Saratorp Limited (رقم التسجيل HE438354) والكائنة في شارع أرتشيبوس ماكاريوس الثالث 68 و2 شارع رومانو، برج تلايس، الطابق الأول، 1070، قبرص. تقوم شركة Saratorp Limited بتقديم خدمات الدفع داخل المجموعة لصالح وبالنيابة عن VIE FINANCE SEY LTD.",
  "nxReg_AdvertiserId": "1",
  "nxReg_AgencyId": "4",
  "nxReg_ApiEndpoint": "https://api.200invest.com/v2",
  "nxReg_AutoPassword": "true",
  "nxReg_BrandId": "75",
  "nxReg_BrandLegalData": "200Invest",
  "nxReg_Country": "true",
  "nxReg_EmailValidation": "false",
  "nxReg_Facebook": "false",
  "nxReg_FacebookAppId": "n/a",
  "nxReg_FormId": "2716",
  "nxReg_FullName": "true",
  "nxReg_FunnelId": "288363",
  "nxReg_GeoValidation": "true",
  "nxReg_Google": "false",
  "nxReg_GoogleApiKey": "n/a",
  "nxReg_IsTest": "false",
  "nxReg_LanguageCode": "ar",
  "nxReg_PhoneNumber": "true",
  "nxReg_Platform": "PROFIT",
  "nxReg_PrivacyNoticeCheckbox": "true",
  "nxReg_PrivacyNoticeText": "أوافق على <a href=\"https://preg.200invest.com/assets/200Invest/ar/Documents/Terms_and_conditions_AR.pdf\" target=\"_blank\" rel=\"noopener\">الشروط والأحكام</a> و <a href=\"https://preg.200invest.com/assets/200Invest/ar/Documents/Privacy_policy_AR.pdf\" target=\"_blank\" rel=\"noopener\">سياسة الخصوصية</a>.",
  "nxReg_ReCaptcha": "false",
  "nxReg_VerificationCode": "false",
  "_PA": "4",
  "_PAdvertiser": "1",
  "_PBDomain": "auto",
  "_PUnknown": "288363"
}
