{
  "Disclaimer": "<p><strong>Disclaimer and Risk Warning</strong></p>\n<p>This website contains information of a general nature and does not constitute an offer to provide services to clients residing in any jurisdictions where such offer is not authorized and such service cannot be provided. Online trading may result in a substantial or complete loss of funds and therefore should only be undertaken with risk capital. Please carefully evaluate the possible risks and benefits before trading and assess whether you understand how CFDs work. This website is owned by VIE FINANCE SEY LTD with company number 8430439-1 with registered address Room B11, First Floor, Providence Complex, Providence, Mahe, Seychelles licensed by the Financial Services Authority of the Republic of Seychelles under license number SD123.</p>",
  "nxReg_AdvertiserId": "1",
  "nxReg_AgencyId": "4",
  "nxReg_ApiEndpoint": "https://api.zenstox.com/v2",
  "nxReg_AutoPassword": "true",
  "nxReg_BrandId": "67",
  "nxReg_BrandLegalData": "Zenstox",
  "nxReg_Country": "true",
  "nxReg_EmailValidation": "false",
  "nxReg_Facebook": "false",
  "nxReg_FacebookAppId": "799851551936278",
  "nxReg_FormId": "2533",
  "nxReg_FullName": "true",
  "nxReg_FunnelId": "270091",
  "nxReg_GeoValidation": "true",
  "nxReg_Google": "false",
  "nxReg_GoogleApiKey": "AIzaSyCocSBwa_MvgTxt0Mu69_Vi2VFw4AzIfAw",
  "nxReg_GoogleClientId": "244807890046-tb8smghp15q7d2u6kpo7dmf5c3qnshqf.apps.googleusercontent.com",
  "nxReg_IsTest": "false",
  "nxReg_LanguageCode": "en",
  "nxReg_PhoneNumber": "true",
  "nxReg_Platform": "PROFIT",
  "nxReg_PrivacyNoticeCheckbox": "true",
  "nxReg_PrivacyNoticeText": "I agree to the <a href=\"https://preg.zenstox.com/assets/Zenstox/en/Documents/Privacy_policy_EN.pdf\" target=\"_blank\" rel=\"noopener\">Privacy Policy</a> and <a href=\"https://preg.zenstox.com/assets/Zenstox/en/Documents/Terms_and_conditions_EN.pdf\" target=\"_blank\" rel=\"noopener\">Terms & Conditions</a>",
  "nxReg_ReCaptcha": "false",
  "nxReg_VerificationCode": "false",
  "_PA": "4",
  "_PAdvertiser": "1",
  "_PBDomain": "auto",
  "_PUnknown": "270091"
}
