{
  "Disclaimer": "<p><strong>Disclaimer and Risk Warning</strong></p>\n<p>Online CFD Trading carries a high degree of risk and may not be suitable for all investors; the user prior to commencing such transactions must carefully evaluate his/her financial situation, ensuring that it is appropriate for such transactions. Please seek independent advice and ensure you fully understand the risks associated with leveraged financial trading before deciding to trade as you may lose some or all invested capital. Any information included in this website does not constitute an offer of services for clients residing in any jurisdictions where such offer is not authorized. This website is owned by Securcap Securities (MU) Ltd, Suite 802, 8th Floor, Hennessy Tower, Pope Hennessy Street, Port Louis, Mauritius, authorized by the Financial Services Commission, Mauritius with licence number GB20025775. The group of companies includes Wanakena Ltd, a European entity duly registered in Arch. Makariou III, 73 METHONIS TOWER, Flat/Office 301, 1070, Nicosia, Cyprus, with registration number 379327, operating the website in conjunction with Securcap Securities (MU) Ltd.</p>",
  "Disclaimer_second": "<p><strong>Disclaimer and Risk Warning.</strong></p>\nOnline trading of complex instruments carries a high level of risk and may not be suitable for all investors; the user should carefully assess their financial situation before engaging in such transactions, ensuring that they are suitable for them. Please seek independent advice and make sure you fully understand the risks associated with leveraged financial trading before deciding to trade, as you may lose all or part of the invested capital. No information included on this website constitutes any offer of services to clients residing in a jurisdiction where such an offer is not authorized. This website is owned by Securcap Securities (MU) Ltd, Suite 802, 8th Floor, Hennessy Tower, Pope Hennessy Street, Port Louis, Mauritius, authorized by the Financial Services Commission, Mauritius with licence number GB20025775. The group of companies includes Wanakena Ltd, a European entity duly registered in Arch. Makariou III, 73 METHONIS TOWER, Flat/Office 301, 1070, Nicosia, Cyprus, with registration number 379327, operating the website in conjunction with Securcap Securities (MU) Ltd.",
  "nxReg_AdvertiserId": "1",
  "nxReg_AgencyId": "4",
  "nxReg_ApiEndpoint": "https://api.wbandsmith.com/v2",
  "nxReg_AutoPassword": "true",
  "nxReg_BrandId": "63",
  "nxReg_BrandLegalData": "WB_S",
  "nxReg_Country": "true",
  "nxReg_EmailValidation": "false",
  "nxReg_Facebook": "false",
  "nxReg_FacebookAppId": "n/a",
  "nxReg_FormId": "2500",
  "nxReg_FullName": "true",
  "nxReg_FunnelId": "262018",
  "nxReg_GeoValidation": "false",
  "nxReg_Google": "false",
  "nxReg_GoogleApiKey": "n/a",
  "nxReg_IsTest": "false",
  "nxReg_LanguageCode": "en",
  "nxReg_PhoneNumber": "true",
  "nxReg_Platform": "PROFIT",
  "nxReg_PrivacyNoticeCheckbox": "true",
  "nxReg_PrivacyNoticeText": "I agree with the <a href=\"https://preg.wbandsmith.com/assets/WB_S/en/Documents/Privacy_policy_EN.pdf\" target=\"_blank\" rel=\"noopener\">Privacy Policy</a> and <a href=\"https://preg.wbandsmith.com/assets/WB_S/en/Documents/Terms_and_conditions_EN.pdf\" target=\"_blank\" rel=\"noopener\">Terms & Conditions</a>.",
  "nxReg_ReCaptcha": "false",
  "nxReg_VerificationCode": "false",
  "pto_consent": "<p>Disclaimer</p>\n<p>The service you are about to enter contains links to and information from other websites or content belonging to or originating from third parties or links to websites and features in banners or other advertising. Any third-party link or service you use will be at your own risk and any such use will be governed by the terms of the third-party website, including those relating to confidentiality, data privacy and security. Please read and understand the Company&rsquo;s <a href=\"https://preg.wbandsmith.com/assets/WB_S/en/Documents/Terms_and_conditions_EN.pdf\" target=\"_blank\" rel=\"noopener\">Terms and Conditions</a> found on its website, in relation to third party links, prior to taking further action.</p>",
  "pto_consent_button": "I agree",
  "pto_consent_checkbox": "By clicking the 'I agree' button you hereby confirm that you have read and understood all of the above",
  "_PA": "4",
  "_PAdvertiser": "1",
  "_PBDomain": "auto",
  "_PUnknown": "262018"
}
