{
  "BrainTradeLP": "https://preg.thebraintrade.com/assets/BrainTrade/sv/Documents/BrainTradeQRCodes_SWE.pdf",
  "Disclaimer": "<p>BrainTrade (<a href=\"http://www.thebraintrade.com\">www.thebraintrade.com</a>) drivs av BT Nexus Limited. L&auml;s <a href=\"https://preg.thebraintrade.com/assets/BrainTrade/sv/Documents/Terms_and_conditions_SWE.pdf\" target=\"_blank\" rel=\"noopener\">villkoren</a>, <a href=\"https://preg.thebraintrade.com/assets/BrainTrade/sv/Documents/Privacy_Policy_SWE.pdf\" target=\"_blank\" rel=\"noopener\">sekretesspolicyn</a> och <a href=\"https://preg.thebraintrade.com/assets/BrainTrade/sv/Documents/Cookies_Policy_SWE.pdf\" target=\"_blank\" rel=\"noopener\">cookiepolicyn</a> innan du forts&auml;tter.</p>\n<p>Alla r&auml;ttigheter reserverade @BrainTrade 2025</p>",
  "Disclaimer_Taboola": "BrainTrade (<a class=\"decorated-link\" href=\"http://www.thebraintrade.com\" target=\"_new\" rel=\"noopener\" data-start=\"71\" data-end=\"92\">www.thebraintrade.com</a>), som drivs av BT Nexus Limited, tillhandah&aring;ller endast utbildnings- och marknadsf&ouml;ringsinneh&aring;ll och &auml;r inte en investeringsr&aring;dgivare. Handel inneb&auml;r h&ouml;g risk och kan leda till en total f&ouml;rlust av kapital. Mellan 74&ndash;89 % av privata CFD-handlare f&ouml;rlorar pengar. S&ouml;k alltid oberoende finansiell r&aring;dgivning. BT Nexus Limited kan inte h&aring;llas ansvarigt f&ouml;r n&aring;gon f&ouml;rlust eller skada som uppst&aring;r till f&ouml;ljd av tj&auml;nsterna och beroendet av dem. Ingen garanti ges f&ouml;r att informationen &auml;r korrekt eller fullst&auml;ndig. F&ouml;r mer information, v&auml;nligen l&auml;s v&aring;ra villkor.",
  "gdpr-terms": "Jag godk&auml;nner <a href=\"https://preg.thebraintrade.com/assets/BrainTrade/sv/Documents/Terms_and_conditions_SWE.pdf\" target=\"_blank\" rel=\"noopener\">anv&auml;ndarvillkoren</a> och <a href=\"https://preg.thebraintrade.com/assets/BrainTrade/sv/Documents/Privacy_Policy_SWE.pdf\" target=\"_blank\" rel=\"noopener\">integritetspolicyn</a>.",
  "nxReg_AdvertiserId": "1",
  "nxReg_AgencyId": "5",
  "nxReg_ApiEndpoint": "https://api.marketingvici.com/v2",
  "nxReg_AutoPassword": "true",
  "nxReg_BrandLegalData": "BrainTrade",
  "nxReg_CoinJournalLinks": "https://coinjournal.net/brokers/",
  "nxReg_Country": "true",
  "nxReg_DailyForexLinks": "https://www.dailyforex.com/forex-brokers/finansero-review",
  "nxReg_EmailValidation": "false",
  "nxReg_Facebook": "false",
  "nxReg_FacebookAppId": "false",
  "nxReg_FullName": "true",
  "nxReg_FunnelId": "10750",
  "nxReg_GeoValidation": "true",
  "nxReg_Google": "false",
  "nxReg_GoogleApiKey": "false",
  "nxReg_InvestingLinks": "https://se.investing.com/brokers/reviews/finansero/?origin=Alice",
  "nxReg_InvezzLinks": "https://invezz.com/reviews/finansero/, https://invezz.com/reviews/finansero/, https://invezz.com/reviews/finansero/,https://invezz.com/reviews/finansero/, https://invezz.com/reviews/finansero/, https://invezz.com/reviews/finansero/, https://invezz.com/sv/recensioner/tradit/, https://invezz.com/sv/recensioner/tradit/, https://invezz.com/sv/recensioner/tradit/, https://invezz.com/sv/recensioner/tradit/",
  "nxReg_IsTest": "false",
  "nxReg_LanguageCode": "sv",
  "nxReg_PhoneNumber": "true",
  "nxReg_PrivacyNoticeCheckbox": "true",
  "nxReg_ReCaptcha": "false",
  "nxReg_VerificationCode": "false",
  "_PA": "5",
  "_PAdvertiser": "1",
  "_PBDomain": "auto",
  "_PUnknown": "10750"
}
