{
  "Disclaimer": "<p><span style=\"font-weight: 400;\">BrainTrade（</span><a href=\"http://www.thebraintrade.com\"><span style=\"font-weight: 400;\">www.thebraintrade.com</span></a><span style=\"font-weight: 400;\">）は、BT Nexus Limited によって運営されています。ご利用にあたっては、「</span><a href=\"https://preg.thebraintrade.com/assets/BrainTrade/ja/Documents/Terms_and_conditions_JA.pdf\" target=\"_blank\" rel=\"noopener\"><span style=\"font-weight: 400;\">利用規約</span></a><span style=\"font-weight: 400;\">」「</span><a href=\"https://preg.thebraintrade.com/assets/BrainTrade/ja/Documents/Privacy_Policy_JP.pdf\" target=\"_blank\" rel=\"noopener\"><span style=\"font-weight: 400;\">プライバシーポリシー</span></a><span style=\"font-weight: 400;\">」「</span><a href=\"https://preg.thebraintrade.com/assets/BrainTrade/ja/Documents/Cookies_Policy_JA.pdf\" target=\"_blank\" rel=\"noopener\"><span style=\"font-weight: 400;\">クッキーポリシー</span></a><span style=\"font-weight: 400;\">」を必ずご確認ください。</span></p>\n<p><span style=\"font-weight: 400;\">&copy; 2025 BrainTrade. 無断転載・複製を禁じます。</span></p>",
  "gdpr-terms": "<a href=\"https://preg.thebraintrade.com/assets/BrainTrade/ja/Documents/Terms_and_conditions_JA.pdf\" target=\"_blank\" rel=\"noopener\">利用規約</a>および<a href=\"https://preg.thebraintrade.com/assets/BrainTrade/ja/Documents/Privacy_Policy_JP.pdf\" target=\"_blank\" rel=\"noopener\">プライバシーポリシー</a>に同意します。",
  "nxReg_AdvertiserId": "1",
  "nxReg_AgencyId": "5",
  "nxReg_ApiEndpoint": "https://api.marketingvici.com/v2",
  "nxReg_AutoPassword": "true",
  "nxReg_BrandLegalData": "BrainTrade",
  "nxReg_CoinJournalLinks": "https://coinjournal.net/brokers/",
  "nxReg_Country": "true",
  "nxReg_DailyForexLinks": "https://www.dailyforex.com/forex-brokers/finansero-review",
  "nxReg_EmailValidation": "false",
  "nxReg_Facebook": "false",
  "nxReg_FacebookAppId": "false",
  "nxReg_FullName": "true",
  "nxReg_GeoValidation": "true",
  "nxReg_Google": "false",
  "nxReg_GoogleApiKey": "false",
  "nxReg_InvestingLinks": "https://investing.com/brokers/forex-brokers/",
  "nxReg_InvezzLinks": "https://invezz.com/reviews/finansero/",
  "nxReg_IsTest": "false",
  "nxReg_LanguageCode": "ja",
  "nxReg_PhoneNumber": "true",
  "nxReg_PrivacyNoticeCheckbox": "true",
  "nxReg_ReCaptcha": "false",
  "nxReg_VerificationCode": "false",
  "_PA": "5",
  "_PAdvertiser": "1",
  "_PBDomain": "auto",
  "_PUnknown": "18968"
}
