{"Disclaimer":"<p><strong>Isen&ccedil;&atilde;o de responsabilidade</strong></p>\n<p>A negocia&ccedil;&atilde;o de CFDs online acarreta um alto grau de risco e pode n&atilde;o ser adequada para todos os investidores; o usu&aacute;rio antes de iniciar tais transa&ccedil;&otilde;es deve avaliar cuidadosamente sua situa&ccedil;&atilde;o financeira, garantindo que ela seja apropriada para tais transa&ccedil;&otilde;es. Por favor, procure aconselhamento independente e certifique-se de entender completamente os riscos associados &agrave; negocia&ccedil;&atilde;o financeira alavancada antes de decidir negociar, pois voc&ecirc; pode perder parte ou todo o capital investido. Qualquer informa&ccedil;&atilde;o inclu&iacute;da neste site n&atilde;o constitui uma oferta de servi&ccedil;os para clientes residentes em quaisquer jurisdi&ccedil;&otilde;es onde tal oferta n&atilde;o seja autorizada. Este site &eacute; de propriedade da Securcap Securities (MU) Ltd, com o n&uacute;mero de registro C176674GBC e com endere&ccedil;o registrado em Suite 602, 6th Floor, Hennessy Tower, Pope Hennessy Street, Port Louis, Maur&iacute;cio, autorizado pela Comiss&atilde;o de Servi&ccedil;os Financeiros, Maur&iacute;cio com o n&uacute;mero de licen&ccedil;a GB20025775. O grupo de empresas inclui a Wanakena Ltd, uma entidade europeia devidamente registada no Arch. Makariou III, 73 METHONIS TOWER, Flat/Office 301, 1070, Nic&oacute;sia, Chipre, com o n&uacute;mero de registo 379327 e a Kalaminion Holdings Limited, uma empresa constitu&iacute;da ao abrigo das leis de Chipre com o n&uacute;mero de registo 339998 e sede social no Arch. Makariou III, 66, CRONOS COURT, 8&ordm; andar, Flat/Office 82, 1070, Nic&oacute;sia, Chipre, operando o site em conjunto com a Securcap Securities (MU) Ltd.</p>","Disclaimer_second":"<p><strong>Aviso de Isen&ccedil;&atilde;o de Responsabilidade e Risco</strong></p>\n<p><strong>&nbsp;</strong></p>\n<p>A negocia&ccedil;&atilde;o on-line de instrumentos complexos acarreta um alto n&iacute;vel de risco e pode n&atilde;o ser adequada para todos os investidores, o usu&aacute;rio deve avaliar cuidadosamente sua situa&ccedil;&atilde;o financeira antes de iniciar tais transa&ccedil;&otilde;es, garantindo que elas sejam adequadas para elas. Por favor, procure aconselhamento independente e certifique-se de que compreende totalmente os riscos associados &agrave; negocia&ccedil;&atilde;o financeira alavancada antes de decidir negociar, uma vez que pode perder todo ou parte do seu capital investido. Nada contido neste site constitui qualquer oferta de servi&ccedil;os a clientes residentes em uma jurisdi&ccedil;&atilde;o na qual tal oferta n&atilde;o &eacute; autorizada. Este site &eacute; de propriedade da Securcap Securities (MU) Ltd, Suite 802, 8th Floor, Hennessy Tower, Pope Hennessy Street, Port Louis, Maur&iacute;cio com o n&uacute;mero de licen&ccedil;a GB20025775. O grupo de empresas inclui a Wanakena Ltd, uma entidade europeia devidamente registada na Arch. Makariou III, 73 METHONIS TOWER, Flat/Office 301, 1070, Nic&oacute;sia, Chipre, com o n&uacute;mero de registo 379327, que opera o site em conjunto com a Securcap Securities (MU) Ltd.</p>","nxReg_AdvertiserId":"1","nxReg_AgencyId":"4","nxReg_ApiEndpoint":"https://api.wbandsmith.com/v2","nxReg_AutoPassword":"true","nxReg_BrandId":"63","nxReg_BrandLegalData":"WB_S","nxReg_Country":"true","nxReg_EmailValidation":"false","nxReg_Facebook":"false","nxReg_FacebookAppId":"3002509616697234","nxReg_FormId":"2552","nxReg_FullName":"true","nxReg_FunnelId":"278290","nxReg_GeoValidation":"true","nxReg_Google":"false","nxReg_GoogleApiKey":"AIzaSyDmOHnk3i4YVaenBP_lbXOpRdvafcgWv7U","nxReg_GoogleClientId":"64803856867-poonuvv6ig5v3kd5rj51louh8vkt82cs.apps.googleusercontent.com","nxReg_IsTest":"false","nxReg_LanguageCode":"pt","nxReg_PhoneNumber":"true","nxReg_Platform":"PROFIT","nxReg_PrivacyNoticeCheckbox":"true","nxReg_PrivacyNoticeText":"Eu concordo com a <a href=\"https://preg.wbandsmith.com/assets/WB_S/pt/Documents/Privacy_policy_PT.pdf\" target=\"_blank\" rel=\"noopener\">pol&iacute;tica de privacidade</a> e <a href=\"https://preg.wbandsmith.com/assets/WB_S/pt/Documents/Terms_and_conditions_PT.pdf\" target=\"_blank\" rel=\"noopener\">termos e condi&ccedil;&otilde;es</a>.","nxReg_ReCaptcha":"false","nxReg_VerificationCode":"false","_PA":"4","_PAdvertiser":"1","_PBDomain":"auto","_PUnknown":"278290"}