{
  "Disclaimer": "Edutrading (<a href=\"https://edutrading.com/\" target=\"_blank\" rel=\"noopener\">www.edutrading.com</a>) ดำเนินการโดยบริษัท Adlegion Ltd และไม่ได้เป็นที่ปรึกษาการลงทุน ข้อมูลและข้อมูลใด ๆ ที่ให้ผ่านบริการของเรา มีวัตถุประสงค์เพื่อการศึกษาและการตลาดทั่วไปเท่านั้น และไม่ถือเป็นข้อเสนอหรือการชักชวนให้ลงทุนและ/หรือทำการซื้อขายในเครื่องมือทางการเงินใด ๆ การซื้อขายและการลงทุนมีความเสี่ยงสูงและอาจส่งผลให้สูญเสียเงินทุนจำนวนมากหรือทั้งหมด จึงควรใช้เงินทุนที่สามารถยอมรับความเสี่ยงได้เท่านั้น โปรดขอคำแนะนำทางการเงินจากผู้เชี่ยวชาญอิสระและศึกษาความเสี่ยงที่เกี่ยวข้องกับการซื้อขายก่อนดำเนินการใด ๆ ด้านการเงิน บริษัท Adlegion Ltd ให้บริการด้านการศึกษา การอ้างอิง และลิงก์ไปยังข้อมูลและบริการของบุคคลที่สาม รวมถึงแหล่งข้อมูลทางเศรษฐกิจและการตลาดอื่น ๆ เพื่อวัตถุประสงค์ในการศึกษาเท่านั้น และไม่ได้รับรองบริการเหล่านั้น บริษัท Adlegion Ltd จะไม่รับผิดชอบต่อความสูญเสียหรือความเสียหายใด ๆ ที่เกิดขึ้นจากการใช้บริการหรือการพึ่งพาข้อมูลดังกล่าว ไม่มีการรับประกันความถูกต้องหรือความครบถ้วนสมบูรณ์ของข้อมูล สำหรับข้อมูลเพิ่มเติมโปรดอ่าน <a href=\"https://edutrading.com/terms-and-conditions/\" target=\"_blank\" rel=\"noopener\">ข้อกำหนดและเงื่อนไข</a> ของเรา",
  "gdpr-terms": "ฉันยอมรับ <a href=\"https://edutrading.com/th/privacy-policy/\" target=\"_blank\" rel=\"noopener\">นโยบายความเป็นส่วนตัว</a> และ <a href=\"https://edutrading.com/th/terms-and-conditions/\" target=\"_blank\" rel=\"noopener\">ข้อกำหนดและเงื่อนไข</a>",
  "nxReg_AdvertiserId": "1",
  "nxReg_AgencyId": "5",
  "nxReg_ApiEndpoint": "https://api.marketingvici.com/v2",
  "nxReg_AutoPassword": "true",
  "nxReg_BrandLegalData": "Edutrading",
  "nxReg_CoinJournalLinks": "to be added",
  "nxReg_Country": "true",
  "nxReg_DailyForexLinks": "To be ready",
  "nxReg_EmailValidation": "false",
  "nxReg_Facebook": "false",
  "nxReg_FacebookAppId": "false",
  "nxReg_FullName": "true",
  "nxReg_FunnelId": "14201",
  "nxReg_FxempireLinks": "to be added",
  "nxReg_GeoValidation": "true",
  "nxReg_Google": "false",
  "nxReg_GoogleApiKey": "false",
  "nxReg_InvestingLinks": "to be added",
  "nxReg_InvezzLinks": "to be added",
  "nxReg_IsTest": "false",
  "nxReg_LanguageCode": "th",
  "nxReg_PhoneNumber": "true",
  "nxReg_PrivacyNoticeCheckbox": "true",
  "nxReg_ReCaptcha": "false",
  "nxReg_VerificationCode": "false",
  "_PA": "5",
  "_PAdvertiser": "1",
  "_PBDomain": "auto",
  "_PUnknown": "14201"
}
